{"cameraMode":{"drawMode":0,"name":"Shaded","section":"Shading Mode"},"sceneLighting":true,"audioPlay":false,"sceneViewState":{"showFog":true,"showMaterialUpdate":true,"showSkybox":true,"showFlares":true,"showImageEffects":true,"showParticleSystems":true},"in2DMode":false,"pivot":{"x":-1.9300132989883423,"y":0.8374104499816895,"z":-0.8525011539459229},"rotation":{"x":-0.22086961567401887,"y":-0.14653170108795167,"z":0.03358519449830055,"w":-0.9636478424072266},"size":2.3711342811584474,"orthographic":false}