{"cameraMode":{"drawMode":0,"name":"Shaded","section":"Shading Mode"},"sceneLighting":false,"audioPlay":false,"sceneViewState":{"showFog":true,"showMaterialUpdate":true,"showSkybox":false,"showFlares":true,"showImageEffects":true,"showParticleSystems":true},"in2DMode":false,"pivot":{"x":-0.2516333758831024,"y":-0.049389295279979709,"z":0.2100643664598465},"rotation":{"x":-0.02335205487906933,"y":0.972269594669342,"z":-0.20449917018413545,"w":-0.11102544516324997},"size":0.9508002400398254,"orthographic":false}