{"cameraMode":{"drawMode":0,"name":"Shaded","section":"Shading Mode"},"sceneLighting":false,"audioPlay":false,"sceneViewState":{"showFog":true,"showMaterialUpdate":true,"showSkybox":false,"showFlares":true,"showImageEffects":true,"showParticleSystems":true},"in2DMode":false,"pivot":{"x":0.16743341088294984,"y":0.39695078134536745,"z":0.8842535614967346},"rotation":{"x":0.031653597950935367,"y":-0.9650916457176209,"z":0.21967746317386628,"w":0.1390613615512848},"size":1.4635875225067139,"orthographic":false}